,Rank,Title,Released,Rating,Genres,Description
0,1,The Shawshank Redemption,1994,9.3,['Drama'],"Over the course of several years, two convicts form a friendship, seeking consolation and, eventually, redemption through basic compassion."
1,2,The Godfather,1972,9.2,"['Crime', 'Drama']","Don Vito Corleone, head of a mafia family, decides to hand over his empire to his youngest son Michael. However, his decision unintentionally puts the lives of his loved ones in grave danger... Read all"
2,3,The Dark Knight,2008,9.0,"['Action', 'Crime', 'Drama']","When the menace known as the Joker wreaks havoc and chaos on the people of Gotham, Batman must accept one of the greatest psychological and physical tests of his ability to fight injustice."
3,4,The Godfather: Part II,1974,9.0,"['Crime', 'Drama']","The early life and career of Vito Corleone in 1920s New York City is portrayed, while his son, Michael, expands and tightens his grip on the family crime syndicate."
4,5,12 Angry Men,1957,9.0,"['Crime', 'Drama']",The jury in a New York City murder trial is frustrated by a single member whose skeptical caution forces them to more carefully consider the evidence before jumping to a hasty verdict.
5,6,Schindler's List,1993,9.0,"['Biography', 'Drama', 'History']","In German-occupied Poland during World War II, industrialist Oskar Schindler gradually becomes concerned for his Jewish workforce after witnessing their persecution by the Nazis."
6,7,The Lord of the Rings: The Return of the King,2003,9.0,"['Action', 'Adventure', 'Drama']",Gandalf and Aragorn lead the World of Men against Sauron's army to draw his gaze from Frodo and Sam as they approach Mount Doom with the One Ring.
7,8,Pulp Fiction,1994,8.9,"['Crime', 'Drama']","The lives of two mob hitmen, a boxer, a gangster and his wife, and a pair of diner bandits intertwine in four tales of violence and redemption."
8,9,The Lord of the Rings: The Fellowship of the Ring,2001,8.9,"['Action', 'Adventure', 'Drama']",A meek Hobbit from the Shire and eight companions set out on a journey to destroy the powerful One Ring and save Middle-earth from the Dark Lord Sauron.
9,10,"Il Buono, Il Brutto, Il Cattivo",1966,8.8,"['Adventure', 'Western']",A bounty hunting scam joins two men in an uneasy alliance against a third in a race to find a fortune in gold buried in a remote cemetery.
10,11,Forrest Gump,1994,8.8,"['Drama', 'Romance']","The history of the United States from the 1950s to the '70s unfolds from the perspective of an Alabama man with an IQ of 75, who yearns to be reunited with his childhood sweetheart."
11,12,Fight Club,1999,8.8,['Drama'],An insomniac office worker and a devil-may-care soap maker form an underground fight club that evolves into much more.
12,13,The Lord of the Rings: The Two Towers,2002,8.8,"['Action', 'Adventure', 'Drama']","While Frodo and Sam edge closer to Mordor with the help of the shifty Gollum, the divided fellowship makes a stand against Sauron's new ally, Saruman, and his hordes of Isengard."
13,14,Inception,2010,8.8,"['Action', 'Adventure', 'Sci-Fi']","A thief who steals corporate secrets through the use of dream-sharing technology is given the inverse task of planting an idea into the mind of a C.E.O., but his tragic past may doom the pro... Read all"
14,15,Star Wars: Episode V - The Empire Strikes Back,1980,8.7,"['Action', 'Adventure', 'Fantasy']","After the Rebels are overpowered by the Empire, Luke Skywalker begins his Jedi training with Yoda, while his friends are pursued across the galaxy by Darth Vader and bounty hunter Boba Fett."
15,16,The Matrix,1999,8.7,"['Action', 'Sci-Fi']","When a beautiful stranger leads computer hacker Neo to a forbidding underworld, he discovers the shocking truth--the life he knows is the elaborate deception of an evil cyber-intelligence."
16,17,GoodFellas,1990,8.7,"['Biography', 'Crime', 'Drama']","The story of Henry Hill and his life in the mafia, covering his relationship with his wife Karen and his mob partners Jimmy Conway and Tommy DeVito."
17,18,One Flew Over the Cuckoo's Nest,1975,8.7,['Drama'],"In the Fall of 1963, a Korean War veteran and criminal pleads insanity and is admitted to a mental institution, where he rallies up the scared patients against the tyrannical nurse."
18,19,Se7en,1995,8.6,"['Crime', 'Drama', 'Mystery']","Two detectives, a rookie and a veteran, hunt a serial killer who uses the seven deadly sins as his motives."
19,20,It's a Wonderful Life,1946,8.6,"['Drama', 'Family', 'Fantasy']",An angel is sent from Heaven to help a desperately frustrated businessman by showing him what life would have been like if he had never existed.
20,21,Shichinin No Samurai,1954,8.6,"['Action', 'Drama']","Farmers from a village exploited by bandits hire a veteran samurai for protection, who gathers six other samurai to join him."
21,22,Interstellar,2014,8.7,"['Adventure', 'Drama', 'Sci-Fi']","When Earth becomes uninhabitable in the future, a farmer and ex-NASA pilot, Joseph Cooper, is tasked to pilot a spacecraft, along with a team of researchers, to find a new planet for humans."
22,23,The Silence of the Lambs,1991,8.6,"['Crime', 'Drama', 'Thriller']","A young F.B.I. cadet must receive the help of an incarcerated and manipulative cannibal killer to help catch another serial killer, a madman who skins his victims."
23,24,Saving Private Ryan,1998,8.6,"['Drama', 'War']","Following the Normandy Landings, a group of U.S. soldiers go behind enemy lines to retrieve a paratrooper whose brothers have been killed in action."
24,25,City of God,2002,8.6,"['Crime', 'Drama']","In the slums of Rio, two kids' paths diverge as one struggles to become a photographer and the other a kingpin."
25,26,Life Is Beautiful,1997,8.6,"['Comedy', 'Drama', 'Romance']","When an open-minded Jewish waiter and his son become victims of the Holocaust, he uses a perfect mixture of will, humor and imagination to protect his son from the dangers around their camp."
26,27,The Green Mile,1999,8.6,"['Crime', 'Drama', 'Fantasy']","A tale set on death row in a Southern jail, where gentle giant John possesses the mysterious power to heal people's ailments. When the lead guard, Paul, recognizes John's gift, he tries to h... Read all"
27,28,Star Wars: Episode IV - A New Hope,1977,8.6,"['Action', 'Adventure', 'Fantasy']","Luke Skywalker joins forces with a Jedi Knight, a cocky pilot, a Wookiee and two droids to save the galaxy from the Empire's world-destroying battle station, while also attempting to rescue ... Read all"
28,29,Terminator 2: Judgment Day,1991,8.6,"['Action', 'Sci-Fi']","A cyborg, identical to the one who failed to kill Sarah Connor, must now protect her ten year old son John from an even more advanced and powerful cyborg."
29,30,Spider-man: Across the Spider-verse,2023,8.6,"['Animation', 'Action', 'Adventure']","Miles Morales catapults across the multiverse, where he encounters a team of Spider-People charged with protecting its very existence. When the heroes clash on how to handle a new threat, Mi... Read all"
30,31,Back to the Future,1985,8.5,"['Adventure', 'Comedy', 'Sci-Fi']","Marty McFly, a 17-year-old high school student, is accidentally sent 30 years into the past in a time-traveling DeLorean invented by his close friend, the maverick scientist Doc Brown."
31,32,Spirited Away,2001,8.6,"['Animation', 'Adventure', 'Family']","During her family's move to the suburbs, a sullen 10-year-old girl wanders into a world ruled by gods, witches and spirits, a world where humans are changed into beasts."
32,33,The Pianist,2002,8.5,"['Biography', 'Drama', 'Music']","During the WWII, acclaimed Polish musician Wladyslaw faces various struggles as he loses contact with his family. As the situation worsens, he hides in the ruins of Warsaw in order to surviv... Read all"
33,34,Parasite,2019,8.5,"['Drama', 'Thriller']",Greed and class discrimination threaten the newly formed symbiotic relationship between the wealthy Park family and the destitute Kim clan.
34,35,Psycho,1960,8.5,"['Horror', 'Mystery', 'Thriller']","A Phoenix secretary embezzles $40,000 from her employer's client, goes on the run and checks into a remote motel run by a young man under the domination of his mother."
35,36,Gladiator,2000,8.5,"['Action', 'Adventure', 'Drama']",A former Roman General sets out to exact vengeance against the corrupt emperor who murdered his family and sent him into slavery.
36,37,The Lion King,1994,8.5,"['Animation', 'Adventure', 'Drama']","Lion prince Simba and his father are targeted by his bitter uncle, who wants to ascend the throne himself."
37,38,Léon,1994,8.5,"['Action', 'Crime', 'Drama']","12-year-old Mathilda is reluctantly taken in by Léon, a professional assassin, after her family is murdered. An unusual relationship forms as she becomes his protégée and learns the assassin... Read all"
38,39,American History X,1998,8.5,"['Crime', 'Drama']","Living a life marked by violence, neo-Nazi Derek finally goes to prison after killing two black youths. Upon his release, Derek vows to change; he hopes to prevent his brother, Danny, who id... Read all"
39,40,The Departed,2006,8.5,"['Crime', 'Drama', 'Thriller']",An undercover cop and a mole in the police attempt to identify each other while infiltrating an Irish gang in South Boston.
40,41,Whiplash,2014,8.5,"['Drama', 'Music']",A promising young drummer enrolls at a cut-throat music conservatory where his dreams of greatness are mentored by an instructor who will stop at nothing to realize a student's potential.
41,42,The Prestige,2006,8.5,"['Drama', 'Mystery', 'Sci-Fi']","After a tragic accident, two stage magicians in 1890s London engage in a battle to create the ultimate illusion while sacrificing everything they have to outwit each other."
42,43,Grave of the Fireflies,1988,8.5,"['Animation', 'Drama', 'War']",A young boy and his little sister struggle to survive in Japan during World War II.
43,44,Seppuku,1962,8.6,"['Action', 'Drama', 'Mystery']",Action
44,45,The Usual Suspects,1995,8.5,"['Crime', 'Drama', 'Mystery']",The sole survivor of a pier shoot-out tells the story of how a notorious criminal influenced the events that began with five criminals meeting in a seemingly random police lineup.
45,46,Casablanca,1942,8.5,"['Drama', 'Romance', 'War']",A cynical expatriate American cafe owner struggles to decide whether or not to help his former lover and her fugitive husband escape the Nazis in French Morocco.
46,47,Intouchables,2011,8.5,"['Biography', 'Comedy', 'Drama']","After he becomes a quadriplegic from a paragliding accident, an aristocrat hires a young man from the projects to be his caregiver."
47,48,Modern Times,1936,8.5,"['Comedy', 'Drama', 'Romance']",The Tramp struggles to live in modern industrial society with the help of a young homeless woman.
48,49,Cinema Paradiso,1988,8.5,"['Drama', 'Romance']",A filmmaker recalls his childhood when falling in love with the pictures at the cinema of his home village and forms a deep friendship with the cinema's projectionist.
49,50,Rear Window,1954,8.5,"['Mystery', 'Thriller']","A photographer in a wheelchair spies on his neighbors from his Greenwich Village courtyard apartment window, and becomes convinced one of them has committed murder, despite the skepticism of... Read all"
50,51,C'era Una Volta Il West,1968,8.5,['Western'],A mysterious stranger with a harmonica joins forces with a notorious desperado to protect a beautiful widow from a ruthless assassin working for the railroad.
51,52,Alien,1979,8.5,"['Horror', 'Sci-Fi']",The crew of a commercial spacecraft encounters a deadly lifeform after investigating an unknown transmission.
52,53,City Lights,1931,8.5,"['Comedy', 'Drama', 'Romance']",Comedy
53,54,Apocalypse Now,1979,8.4,"['Drama', 'Mystery', 'War']",A U.S. Army officer serving in Vietnam is tasked with assassinating a renegade Special Forces Colonel who sees himself as a god.
54,55,Django Unchained,2012,8.5,"['Drama', 'Western']","With the help of a German bounty-hunter, a freed slave sets out to rescue his wife from a brutal plantation owner in Mississippi."
55,56,Memento,2000,8.4,"['Mystery', 'Thriller']",A man with short-term memory loss attempts to track down his wife's murderer.
56,57,Raiders of the Lost Ark,1981,8.4,"['Action', 'Adventure']","In 1936, archaeologist and adventurer Indiana Jones is hired by the U.S. government to find the Ark of the Covenant before the Nazis can obtain its awesome powers."
57,58,WALL·E,2008,8.4,"['Animation', 'Adventure', 'Family']","In the distant future, a small waste-collecting robot inadvertently embarks on a space journey that will ultimately decide the fate of mankind."
58,59,Das Leben der Anderen,2006,8.4,"['Drama', 'Mystery', 'Thriller']",Drama
59,60,Sunset Blvd,1950,8.4,"['Drama', 'Film-Noir']",A screenwriter develops a dangerous relationship with a faded film star determined to make a triumphant return.
60,61,Paths of Glory,1957,8.4,"['Drama', 'War']","After refusing to attack an enemy position, a general accuses the soldiers of cowardice and their commanding officer must defend them."
61,62,Avengers: Infinity War,2018,8.4,"['Action', 'Adventure', 'Sci-Fi']",The Avengers and their allies must be willing to sacrifice all in an attempt to defeat the powerful Thanos before his blitz of devastation and ruin puts an end to the universe.
62,63,Spider-Man: Into the Spider-Verse,2018,8.4,"['Animation', 'Action', 'Adventure']",Teen Miles Morales becomes the Spider-Man of his universe and must join with five spider-powered individuals from other dimensions to stop a threat for all realities.
63,64,The Shining,1980,8.4,"['Drama', 'Horror']","A family heads to an isolated hotel for the winter where a sinister presence influences the father into violence, while his psychic son sees horrific forebodings from both past and future."
64,65,Witness for the Prosecution,1957,8.4,"['Crime', 'Drama', 'Mystery']",A veteran British barrister must defend his client in a murder trial that has surprise after surprise.
65,66,The Great Dictator,1940,8.4,"['Comedy', 'Drama', 'War']",Dictator Adenoid Hynkel tries to expand his empire while a poor Jewish barber tries to avoid persecution from Hynkel's regime.
66,67,Alien 2,1986,8.4,"['Action', 'Adventure', 'Sci-Fi']","Decades after surviving the Nostromo incident, Ellen Ripley is sent out to re-establish contact with a terraforming colony but finds herself battling the Alien Queen and her offspring."
67,68,Oppenheimer,2023,8.4,"['Biography', 'Drama', 'History']",The story of American scientist J. Robert Oppenheimer and his role in the development of the atomic bomb.
68,69,Inglourious Basterds,2009,8.4,"['Adventure', 'Drama', 'War']","In Nazi-occupied France during World War II, a plan to assassinate Nazi leaders by a group of Jewish U.S. soldiers coincides with a theatre owner's vengeful plans for the same."
69,70,The Dark Knight Rises,2012,8.4,"['Action', 'Drama', 'Thriller']","Eight years after the Joker's reign of chaos, Batman is coerced out of exile with the assistance of the mysterious Selina Kyle in order to defend Gotham City from the vicious guerrilla terro... Read all"
70,71,American Beauty,1999,8.3,['Drama'],A sexually frustrated suburban father has a mid-life crisis after becoming infatuated with his daughter's best friend.
71,72,Dr,1964,8.4,"['Comedy', 'War']","An insane American general orders a bombing attack on the Soviet Union, triggering a path to nuclear holocaust that a war room full of politicians and generals frantically tries to stop."
72,73,Oldeuboi,2003,8.4,"['Action', 'Drama', 'Mystery']","After being kidnapped and imprisoned for fifteen years, Oh Dae-Su is released, only to find that he must find his captor in five days."
73,74,Coco,2017,8.4,"['Animation', 'Adventure', 'Drama']","Aspiring musician Miguel, confronted with his family's ancestral ban on music, enters the Land of the Dead to find his great-great-grandfather, a legendary singer."
74,75,Amadeus,1984,8.4,"['Biography', 'Drama', 'Music']","The life, success and troubles of Wolfgang Amadeus Mozart, as told by Antonio Salieri, the contemporaneous composer who was deeply jealous of Mozart's talent and claimed to have murdered him... Read all"
75,76,Toy Story,1995,8.3,"['Animation', 'Adventure', 'Comedy']",A cowboy doll is profoundly threatened and jealous when a new spaceman action figure supplants him as top toy in a boy's bedroom.
76,77,Das Boot,1981,8.4,"['Drama', 'War']",A German U-boat stalks the frigid waters of the North Atlantic as its young crew experience the sheer terror and claustrophobic life of a submariner in World War II.
77,78,Braveheart,1995,8.3,"['Biography', 'Drama', 'History']",Scottish warrior William Wallace leads his countrymen in a rebellion to free his homeland from the tyranny of King Edward I of England.
78,79,Avengers: Endgame,2019,8.4,"['Action', 'Adventure', 'Drama']","After the devastating events of Avengers: Infinity War (2018), the universe is in ruins. With the help of remaining allies, the Avengers assemble once more in order to reverse Thanos' action... Read all"
79,80,Joker,2019,8.4,"['Crime', 'Drama', 'Thriller']","During the 1980s, a failed stand-up comedian is driven insane and turns to a life of crime and chaos in Gotham City while becoming an infamous psychopathic crime figure."
80,81,Mononoke-hime,1997,8.3,"['Animation', 'Action', 'Adventure']","On a journey to find the cure for a Tatarigami's curse, Ashitaka finds himself in the middle of a war between the forest gods and Tatara, a mining colony. In this quest he also meets San, th... Read all"
81,82,Good Will Hunting,1997,8.3,"['Drama', 'Romance']","Will Hunting, a janitor at M.I.T., has a gift for mathematics, but needs help from a psychologist to find direction in his life."
82,83,Kimi No Na Wa,2016,8.4,"['Animation', 'Drama', 'Fantasy']","Two teenagers share a profound, magical connection upon discovering they are swapping bodies. Things manage to become even more complicated when the boy and girl decide to meet in person."
83,84,Once Upon a Time in America,1984,8.3,"['Crime', 'Drama']","A former Prohibition-era Jewish gangster returns to the Lower East Side of Manhattan 35 years later, where he must once again confront the ghosts and regrets of his old life."
84,85,3 Idiots,2009,8.4,"['Comedy', 'Drama']","Two friends are searching for their long lost companion. They revisit their college days and recall the memories of their friend who inspired them to think differently, even as the rest of t... Read all"
85,86,Tengoku to Jigoku,1963,8.4,"['Crime', 'Drama', 'Mystery']",An executive of a Yokohama shoe company becomes a victim of extortion when his chauffeur's son is kidnapped by mistake and held for ransom.
86,87,Singin' in the Rain,1952,8.3,"['Comedy', 'Musical', 'Romance']",A silent film star falls for a chorus girl just as he and his delusionally jealous screen partner are trying to make the difficult transition to talking pictures in 1920s Hollywood.
87,88,Capharnaüm,2018,8.4,['Drama'],"While serving a five-year sentence for a violent crime, a 12-year-old boy sues his parents for neglect."
88,89,Requiem for a Dream,2000,8.3,['Drama'],The drug-induced utopias of four Coney Island people are shattered when their addictions run deep.
89,90,Idi I Smotri,1985,8.4,"['Drama', 'Thriller', 'War']","After finding an old rifle, a young boy joins the Soviet resistance movement against ruthless German forces and experiences the horrors of World War II."
90,91,Toy Story 3,2010,8.3,"['Animation', 'Adventure', 'Comedy']","The toys are mistakenly delivered to a day-care center instead of the attic right before Andy leaves for college, and it's up to Woody to convince the other toys that they weren't abandoned ... Read all"
91,92,Star Wars: Episode VI - Return of the Jedi,1983,8.3,"['Action', 'Adventure', 'Fantasy']","After rescuing Han Solo from Jabba the Hutt, the Rebels attempt to destroy the second Death Star, while Luke struggles to help Darth Vader back from the dark side."
92,93,Eternal Sunshine of the Spotless Mind,2004,8.3,"['Drama', 'Romance', 'Sci-Fi']","When their relationship turns sour, a couple undergoes a medical procedure to have each other erased from their memories for ever."
93,94,Jagten,2012,8.3,['Drama'],"A teacher lives a lonely life, all the while struggling over his son's custody. His life slowly gets better as he finds love and receives good news from his son, but his new luck is about to... Read all"
94,95,2001: A Space Odyssey,1968,8.3,"['Adventure', 'Sci-Fi']","After uncovering a mysterious artifact buried beneath the Lunar surface, a spacecraft is sent to Jupiter to find its origins: a spacecraft manned by two men and the supercomputer HAL 9000."
95,96,Reservoir Dogs,1992,8.3,"['Crime', 'Thriller']","When a simple jewelry heist goes horribly wrong, the surviving criminals begin to suspect that one of them is a police informant."
96,97,Ikiru,1952,8.3,['Drama'],A bureaucrat tries to find meaning in his life after he discovers he has terminal cancer.
97,98,Lawrence of Arabia,1962,8.3,"['Adventure', 'Biography', 'Drama']","The story of T.E. Lawrence, the English officer who successfully united and led the diverse, often warring, Arab tribes during World War I in order to fight the Turks."
98,99,The Apartment,1960,8.3,"['Comedy', 'Drama', 'Romance']","A Manhattan insurance clerk tries to rise in his company by letting its executives use his apartment for trysts, but complications and a romance of his own ensue."
99,100,Citizen Kane,1941,8.3,"['Drama', 'Mystery']","Following the death of publishing tycoon Charles Foster Kane, reporters scramble to uncover the meaning of his final utterance: 'Rosebud.'"
100,101,M - Eine Stadt sucht einen Mörder,1931,8.3,"['Crime', 'Mystery', 'Thriller']","When the police in a German city are unable to catch a child-murderer, other criminals join in the manhunt."
101,102,North by Northwest,1959,8.3,"['Action', 'Adventure', 'Mystery']","A New York City advertising executive goes on the run after being mistaken for a government agent by a group of foreign spies, and falls for a woman whose loyalties he begins to doubt."
102,103,Vertigo,1958,8.3,"['Mystery', 'Romance', 'Thriller']","A former San Francisco police detective juggles wrestling with his personal demons and becoming obsessed with the hauntingly beautiful woman he has been hired to trail, who may be deeply dis... Read all"
103,104,Double Indemnity,1944,8.3,"['Crime', 'Drama', 'Film-Noir']","A Los Angeles insurance representative lets an alluring housewife seduce him into a scheme of insurance fraud and murder that arouses the suspicion of his colleague, an insurance investigato... Read all"
104,105,Scarface,1983,8.3,"['Crime', 'Drama']","In 1980 Miami, a determined Cuban immigrant takes over a drug cartel and succumbs to greed."
105,106,Le fabuleux destin d'Amélie Poulain,2001,8.3,"['Comedy', 'Romance']","Despite being caught in her imaginative world, Amelie, a young waitress, decides to help people find happiness. Her quest to spread joy leads her on a journey where she finds true love."
106,107,Full Metal Jacket,1987,8.3,"['Drama', 'War']",A pragmatic U.S. Marine observes the dehumanizing effects the Vietnam War has on his fellow recruits from their brutal boot camp training to the bloody street fighting in Hue.
107,108,Incendies,2010,8.3,"['Drama', 'Mystery', 'War']",Twins journey to the Middle East to discover their family history and fulfill their mother's last wishes.
108,109,A Clockwork Orange,1971,8.3,"['Crime', 'Sci-Fi']","In the future, a sadistic gang leader is imprisoned and volunteers for a conduct-aversion experiment, but it doesn't go as planned."
109,110,Heat,1995,8.3,"['Action', 'Crime', 'Drama']",A group of high-end professional thieves start to feel the heat from the LAPD when they unknowingly leave a verbal clue at their latest heist.
110,111,Up,2009,8.3,"['Animation', 'Adventure', 'Comedy']","78-year-old Carl Fredricksen travels to Paradise Falls in his house equipped with balloons, inadvertently taking a young stowaway."
111,112,To Kill a Mockingbird,1962,8.3,"['Crime', 'Drama']","Atticus Finch, a widowed lawyer in Depression-era Alabama, defends a Black man against an undeserved rape charge, and tries to educate his young children against prejudice."
112,113,The Sting,1973,8.3,"['Comedy', 'Crime', 'Drama']",Two grifters team up to pull off the ultimate con.
113,114,Jodaeiye Nader Az Simin,2011,8.3,['Drama'],A married couple are faced with a difficult decision - to improve the life of their child by moving to another country or to stay in Iran and look after a deteriorating parent who has Alzhei... Read all
114,115,Hamilton,2020,8.3,"['Biography', 'Drama', 'History']","The real life of one of America's foremost founding fathers and first Secretary of the Treasury, Alexander Hamilton. Captured live on Broadway from the Richard Rodgers Theater with the origi... Read all"
115,116,Indiana Jones and the Last Crusade,1989,8.2,"['Action', 'Adventure']","In 1938, after his father goes missing while pursuing the Holy Grail, Indiana Jones finds himself up against the Nazis again to stop them from obtaining its powers."
116,117,Die Hard,1988,8.2,"['Action', 'Thriller']",A New York City police officer tries to save his estranged wife and several others taken hostage by terrorists during a Christmas party at the Nakatomi Plaza in Los Angeles.
117,118,Metropolis,1927,8.3,"['Drama', 'Sci-Fi']","In a futuristic city sharply divided between the working class and the city planners, the son of the city's mastermind falls in love with a working-class prophet who predicts the coming of a... Read all"
118,119,Taare Zameen Par,2007,8.3,"['Drama', 'Family']","An eight-year-old boy is thought to be a lazy trouble-maker, until the new art teacher has the patience and compassion to discover the real problem behind his struggles in school."
119,120,Snatch,2000,8.2,"['Comedy', 'Crime']","Unscrupulous boxing promoters, violent bookmakers, a Russian gangster, incompetent amateur robbers and supposedly Jewish jewelers fight to track down a priceless stolen diamond."
120,121,Ladri Di Biciclette,1948,8.3,['Drama'],"In post-war Italy, a working-class man's bicycle is stolen, endangering his efforts to find work. He and his son set out to find it."
121,122,L,1997,8.2,"['Crime', 'Drama', 'Mystery']","As corruption grows in 1950s Los Angeles, three policemen - one strait-laced, one brutal, and one sleazy - investigate a series of murders with their own brand of justice."
122,123,1917,2019,8.2,"['Action', 'Drama', 'War']","April 6th, 1917. As an infantry battalion assembles to wage war deep in enemy territory, two soldiers are assigned to race against time and deliver a message that will stop 1,600 men from wa... Read all"
123,124,Taxi Driver,1976,8.2,"['Crime', 'Drama']","A mentally unstable veteran works as a nighttime taxi driver in New York City, where the perceived decadence and sleaze fuels his urge for violent action."
124,125,Der Untergang,2004,8.2,"['Biography', 'Drama', 'History']",Biography
125,126,Dangal,2016,8.3,"['Action', 'Biography', 'Drama']",Former wrestler Mahavir Singh Phogat and his two wrestler daughters struggle towards glory at the Commonwealth Games in the face of societal oppression.
126,127,Per qualche dollaro in più,1965,8.2,"['Drama', 'Western']",Two bounty hunters with the same intentions team up to track down an escaped Mexican outlaw.
127,128,Batman Begins,2005,8.2,"['Action', 'Crime', 'Drama']","After witnessing his parents' death, Bruce learns the art of fighting to confront injustice. When he returns to Gotham as Batman, he must stop a secret society that intends to destroy the ci... Read all"
128,129,Some Like It Hot,1959,8.2,"['Comedy', 'Music', 'Romance']","After two male musicians witness a mob hit, they flee the state in an all-female band disguised as women, but further complications set in."
129,130,The Wolf of Wall Street,2013,8.2,"['Biography', 'Comedy', 'Crime']","Based on the true story of Jordan Belfort, from his rise to a wealthy stock-broker living the high life to his fall involving crime, corruption and the federal government."
130,131,The Kid,1921,8.2,"['Comedy', 'Drama', 'Family']",Comedy
131,132,Top Gun: Maverick,2022,8.3,"['Action', 'Drama']","After thirty years, Maverick is still pushing the envelope as a top naval aviator, but must confront ghosts of his past when he leads TOP GUN's elite graduates on a mission that demands the ... Read all"
132,133,The Father,2020,8.2,"['Drama', 'Mystery']","A man refuses all assistance from his daughter as he ages. As he tries to make sense of his changing circumstances, he begins to doubt his loved ones, his own mind and even the fabric of his... Read all"
133,134,Green Book,2018,8.2,"['Biography', 'Comedy', 'Drama']",A working-class Italian-American bouncer becomes the driver for an African-American classical pianist on a tour of venues through the 1960s American South.
134,135,All About Eve,1950,8.2,['Drama'],A seemingly timid but secretly ruthless ingénue insinuates herself into the lives of an aging Broadway star and her circle of theater friends.
135,136,Judgment at Nuremberg,1961,8.3,"['Drama', 'War']","In 1948, an American court in occupied Germany tries four Nazis judged for war crimes."
136,137,The Truman Show,1998,8.2,"['Comedy', 'Drama']",An insurance salesman discovers his whole life is actually a reality TV show.
137,138,There Will Be Blood,2007,8.2,['Drama'],"A story of family, religion, hatred, oil and madness, focusing on a turn-of-the-century prospector in the early days of the business."
138,139,Casino,1995,8.2,"['Crime', 'Drama']","In Las Vegas, two best friends - a casino executive and a mafia enforcer - compete for a gambling empire and a fast-living, fast-loving socialite."
139,140,Shutter Island,2010,8.2,"['Mystery', 'Thriller']","Teddy Daniels and Chuck Aule, two US marshals, are sent to an asylum on a remote island in order to investigate the disappearance of a patient, where Teddy uncovers a shocking truth about th... Read all"
140,141,Ran,1985,8.2,"['Action', 'Drama', 'War']","In Medieval Japan, an elderly warlord retires, handing over his empire to his three sons. However, he vastly underestimates how the new-found power will corrupt them and cause them to turn o... Read all"
141,142,Jurassic Park,1993,8.2,"['Action', 'Adventure', 'Sci-Fi']",A pragmatic paleontologist touring an almost complete theme park on an island in Central America is tasked with protecting a couple of kids after a power failure causes the park's cloned din... Read all
142,143,El Laberinto Del Fauno,2006,8.2,"['Drama', 'Fantasy', 'War']","In the Falangist Spain of 1944, the bookish young stepdaughter of a sadistic army officer escapes into an eerie but captivating fantasy world."
143,144,The Sixth Sense,1999,8.2,"['Drama', 'Mystery', 'Thriller']","Malcolm Crowe, a child psychologist, starts treating a young boy, Cole, who encounters dead people and convinces him to help them. In turn, Cole helps Malcolm reconcile with his estranged wi... Read all"
144,145,Unforgiven,1992,8.2,"['Drama', 'Western']","Retired Old West gunslinger William Munny reluctantly takes on one last job, with the help of his old partner Ned Logan and a young man, The ""Schofield Kid."""
145,146,A Beautiful Mind,2001,8.2,"['Biography', 'Drama', 'Mystery']","After John Nash, a brilliant but asocial mathematician, accepts secret work in cryptography, his life takes a turn for the nightmarish."
146,147,No Country for Old Men,2007,8.2,"['Crime', 'Drama', 'Thriller']",Violence and mayhem ensue after a hunter stumbles upon a drug deal gone wrong and more than two million dollars in cash near the Rio Grande.
147,148,The Treasure of the Sierra Madre,1948,8.2,"['Adventure', 'Drama', 'Western']",Two down-on-their-luck Americans searching for work in 1920s Mexico convince an old prospector to help them mine for gold in the Sierra Madre Mountains.
148,149,Yôjinbô,1961,8.2,"['Action', 'Drama', 'Thriller']",A crafty ronin comes to a town divided by two criminal gangs and decides to play them against each other to free the town.
149,150,The Thing,1982,8.2,"['Horror', 'Mystery', 'Sci-Fi']",A research team in Antarctica is hunted by a shape-shifting alien that assumes the appearance of its victims.
150,151,Kill Bill: Vol,2003,8.2,"['Action', 'Crime', 'Thriller']","After awakening from a four-year coma, a former assassin wreaks vengeance on the team of assassins who betrayed her."
151,152,Monty Python and the Holy Grail,1975,8.2,"['Adventure', 'Comedy', 'Fantasy']","King Arthur and his Knights of the Round Table embark on a surreal, low-budget search for the Holy Grail, encountering many, very silly obstacles."
152,153,The Great Escape,1963,8.2,"['Adventure', 'Drama', 'History']",Allied prisoners of war plan for several hundred of their number to escape from a German camp during World War II.
153,154,Finding Nemo,2003,8.2,"['Animation', 'Adventure', 'Comedy']","After his son is captured in the Great Barrier Reef and taken to Sydney, a timid clownfish sets out on a journey to bring him home."
154,155,Rashōmon,1950,8.2,"['Crime', 'Drama', 'Mystery']","The rape of a bride and the murder of her samurai husband are recalled from the perspectives of a bandit, the bride, the samurai's ghost and a woodcutter."
155,156,The Elephant Man,1980,8.2,"['Biography', 'Drama']","A Victorian surgeon rescues a heavily disfigured man who is mistreated while scraping a living as a side-show freak. Behind his monstrous façade, there is revealed a person of kindness, inte... Read all"
156,157,Chinatown,1974,8.2,"['Drama', 'Mystery', 'Thriller']","A private detective hired to expose an adulterer in 1930s Los Angeles finds himself caught up in a web of deceit, corruption, and murder."
157,158,Hauru No Ugoku Shiro,2004,8.2,"['Animation', 'Adventure', 'Family']","When an unconfident young woman is cursed with an old body by a spiteful witch, her only chance of breaking the spell lies with a self-indulgent yet insecure young wizard and his companions ... Read all"
158,159,Prisoners,2013,8.1,"['Crime', 'Drama', 'Mystery']","When Keller Dover's daughter and her friend go missing, he takes matters into his own hands as the police pursue multiple leads and the pressure mounts."
159,160,Dial M for Murder,1954,8.2,"['Crime', 'Thriller']",A former tennis star arranges the murder of his adulterous wife.
160,161,Gone with the Wind,1939,8.2,"['Drama', 'Romance', 'War']",A sheltered and manipulative Southern belle and a roguish profiteer face off in a turbulent romance as the society around them crumbles with the end of slavery and is rebuilt during the Civi... Read all
161,162,V for Vendetta,2005,8.2,"['Action', 'Drama', 'Sci-Fi']","In a future British dystopian society, a shadowy freedom fighter, known only by the alias of ""V"", plots to overthrow the tyrannical government - with the help of a young woman."
162,163,"Lock, Stock and Two Smoking Barrels",1998,8.1,"['Action', 'Comedy', 'Crime']","Eddy persuades his three pals to pool money for a vital poker game against a powerful local mobster, Hatchet Harry. Eddy loses, after which Harry gives him a week to pay back 500,000 pounds."
163,164,Raging Bull,1980,8.1,"['Biography', 'Drama', 'Sport']","The life of boxer Jake LaMotta, whose violence and temper that led him to the top in the ring destroyed his life outside of it."
164,165,El Secreto De Sus Ojos,2009,8.2,"['Drama', 'Mystery', 'Romance']",A retired legal counselor writes a novel hoping to find closure for one of his past unresolved homicide cases and for his unreciprocated love with his superior - both of which still haunt hi... Read all
165,166,Inside Out,2015,8.1,"['Animation', 'Adventure', 'Comedy']","After young Riley is uprooted from her Midwest life and moved to San Francisco, her emotions - Joy, Fear, Anger, Disgust and Sadness - conflict on how best to navigate a new city, house, and... Read all"
166,167,"Three Billboards Outside Ebbing, Missouri",2017,8.1,"['Comedy', 'Crime', 'Drama']",A mother personally challenges the local authorities to solve her daughter's murder when they fail to catch the culprit.
167,168,Spider-Man: No Way Home,2021,8.2,"['Action', 'Adventure', 'Fantasy']","With Spider-Man's identity now revealed, Peter asks Doctor Strange for help. When a spell goes wrong, dangerous foes from other worlds start to appear, forcing Peter to discover what it trul... Read all"
168,169,Trainspotting,1996,8.1,['Drama'],"Renton, deeply immersed in the Edinburgh drug scene, tries to clean up and get out despite the allure of drugs and the influence of friends."
169,170,The Bridge on the River Kwai,1957,8.1,"['Adventure', 'Drama', 'War']","British POWs are forced to build a railway bridge across the river Kwai for their Japanese captors in occupied Burma, not knowing that the allied forces are planning a daring commando raid t... Read all"
170,171,Godzilla Minus One,2023,8.4,"['Action', 'Adventure', 'Drama']","Post war Japan is at its lowest point when a new crisis emerges in the form of a giant monster, baptized in the horrific power of the atomic bomb."
171,172,Fargo,1996,8.1,"['Crime', 'Thriller']",Minnesota car salesman Jerry Lundegaard's inept crime falls apart due to his and his henchmen's bungling and the persistent police work of the quite pregnant Marge Gunderson.
172,173,Warrior,2011,8.1,"['Action', 'Drama', 'Sport']","The youngest son of an alcoholic former boxer returns home, where he's trained by his father for competition in a mixed martial arts tournament - a path that puts the fighter on a collision ... Read all"
173,174,Klaus,2019,8.2,"['Animation', 'Adventure', 'Comedy']","A simple act of kindness always sparks another, even in a frozen, faraway place. When Smeerensburg's new postman, Jesper, befriends toymaker Klaus, their gifts melt an age-old feud and deliv... Read all"
174,175,Catch Me If You Can,2002,8.1,"['Biography', 'Crime', 'Drama']","Barely 21 yet, Frank is a skilled forger who has passed as a doctor, lawyer and pilot. FBI agent Carl becomes obsessed with tracking down the con man, who only revels in the pursuit."
175,176,Gran Torino,2008,8.1,['Drama'],"After a Hmong teenager tries to steal his prized 1972 Gran Torino, a disgruntled, prejudiced Korean War veteran seeks to redeem both the boy and himself."
176,177,My Neighbour Totoro,1988,8.1,"['Animation', 'Comedy', 'Family']","When two girls move to the country to be near their ailing mother, they have adventures with the wondrous forest spirits who live nearby."
177,178,Million Dollar Baby,2004,8.1,"['Drama', 'Sport']","Frankie, an ill-tempered old coach, reluctantly agrees to train aspiring boxer Maggie. Impressed with her determination and talent, he helps her become the best and the two soon form a close... Read all"
178,179,Harry Potter and the Deathly Hallows: Part 2,2011,8.1,"['Adventure', 'Family', 'Fantasy']","Harry, Ron, and Hermione search for Voldemort's remaining Horcruxes in their effort to destroy the Dark Lord as the final battle rages on at Hogwarts."
179,180,Bacheha-Ye Aseman,1997,8.2,"['Drama', 'Family', 'Sport']","After a boy loses his sister's pair of shoes, he goes on a series of adventures in order to find them. When he can't, he tries a new way to ""win"" a new pair."
180,181,Blade Runner,1982,8.1,"['Action', 'Drama', 'Sci-Fi']",A blade runner must pursue and terminate four replicants who stole a ship in space and have returned to Earth to find their creator.
181,182,12 Years a Slave,2013,8.1,"['Biography', 'Drama', 'History']","In the antebellum United States, Solomon Northup, a free black man from upstate New York, is abducted and sold into slavery."
182,183,Before Sunrise,1995,8.1,"['Drama', 'Romance']","A young man and woman meet on a train in Europe, and wind up spending one evening together in Vienna. Unfortunately, both know that this will probably be their only night together."
183,184,The Grand Budapest Hotel,2014,8.1,"['Adventure', 'Comedy', 'Crime']","A writer encounters the owner of an aging high-class hotel, who tells him of his early years serving as a lobby boy in the hotel's glorious years under an exceptional concierge."
184,185,Ben-Hur,1959,8.1,"['Adventure', 'Drama']","After a Jewish prince is betrayed and sent into slavery by a Roman friend in 1st-century Jerusalem, he regains his freedom and comes back for revenge."
185,186,Barry Lyndon,1975,8.1,"['Adventure', 'Drama', 'War']",An Irish rogue wins the heart of a rich widow and assumes her dead husband's aristocratic position in 18th-century England.
186,187,Gone Girl,2014,8.1,"['Drama', 'Mystery', 'Thriller']","With his wife's disappearance having become the focus of an intense media circus, a man sees the spotlight turned on him when it's suspected that he may not be innocent."
187,188,The Gold Rush,1925,8.1,"['Adventure', 'Comedy', 'Drama']","A prospector goes to the Klondike during the 1890s gold rush in hopes of making his fortune, and is smitten with a girl he sees in a dance hall."
188,189,Hacksaw Ridge,2016,8.1,"['Biography', 'Drama', 'History']","World War II American Army Medic Desmond T. Doss, serving during the Battle of Okinawa, refuses to kill people and becomes the first man in American history to receive the Medal of Honor wit... Read all"
189,190,In the Name of the Father,1993,8.1,"['Biography', 'Crime', 'Drama']",Biography
190,191,Salinui Chueok,2003,8.1,"['Crime', 'Drama', 'Mystery']","In a small Korean province in 1986, two detectives struggle with the case of multiple young women being found raped and murdered by an unknown culprit."
191,192,On the Waterfront,1954,8.1,"['Crime', 'Drama', 'Thriller']","An ex-prize fighter turned New Jersey longshoreman struggles to stand up to his corrupt union bosses, including his older brother, as he starts to connect with the grieving sister of one of ... Read all"
192,193,The General,1926,8.1,"['Action', 'Adventure', 'Comedy']","After being rejected by the Confederate military, not realizing it was due to his crucial civilian role, an engineer must single-handedly recapture his beloved locomotive after it is seized ... Read all"
193,194,The Deer Hunter,1978,8.1,"['Drama', 'War']",An in-depth examination of the ways in which the Vietnam War impacts and disrupts the lives of several friends in a small steel mill town in Pennsylvania.
194,195,Relatos Salvajes,2014,8.1,"['Comedy', 'Drama', 'Thriller']",Six short stories that explore the extremities of human behavior involving people in distress.
195,196,Dead Poets Society,1989,8.1,"['Comedy', 'Drama']","Maverick teacher John Keating returns in 1959 to the prestigious New England boys' boarding school where he was once a star student, using poetry to embolden his pupils to new heights of sel... Read all"
196,197,Smultronstället,1957,8.1,"['Drama', 'Romance']",Drama
197,198,Mad Max: Fury Road,2015,8.1,"['Action', 'Adventure', 'Sci-Fi']","In a post-apocalyptic wasteland, a woman rebels against a tyrannical ruler in search for her homeland with the aid of a group of female prisoners, a psychotic worshiper and a drifter named M... Read all"
198,199,The Third Man,1949,8.1,"['Film-Noir', 'Mystery', 'Thriller']","Pulp novelist Holly Martins travels to shadowy, postwar Vienna, only to find himself investigating the mysterious death of an old friend, Harry Lime."
199,200,Le Salaire De La Peur,1953,8.2,"['Adventure', 'Drama', 'Thriller']","In a decrepit South American village, four men are hired to transport an urgent nitroglycerine shipment without the equipment that would make it safe."
200,201,Sherlock Jr,1924,8.2,"['Action', 'Comedy', 'Romance']","A film projectionist longs to be a detective, and puts his meagre skills to work when he is framed by a rival for stealing his girlfriend's father's pocketwatch."
201,202,"Monsters, Inc",2001,8.1,"['Animation', 'Adventure', 'Comedy']","In order to power the city, monsters have to scare children so that they scream. However, the children are toxic to the monsters, and after a child gets through, two monsters realize things ... Read all"
202,203,Jaws,1975,8.1,"['Adventure', 'Mystery', 'Thriller']","When a killer shark unleashes chaos on a beach community off Cape Cod, it's up to a local sheriff, a marine biologist, and an old seafarer to hunt the beast down."
203,204,Mr,1939,8.1,"['Comedy', 'Drama']","A naive youth leader is appointed to fill a vacancy in the U.S. Senate. His idealistic plans promptly collide with corruption at home and subterfuge from his hero in Washington, but he tries... Read all"
204,205,How to Train Your Dragon,2010,8.1,"['Animation', 'Action', 'Adventure']","A hapless young Viking who aspires to hunt dragons becomes the unlikely friend of a young dragon himself, and learns there may be more to the creatures than he assumed."
205,206,Mary and Max,2009,8.1,"['Animation', 'Comedy', 'Drama']","A tale of friendship between two unlikely pen pals: Mary, a lonely, eight-year-old girl living in the suburbs of Melbourne, and Max, a forty-four-year old, severely obese man living in New Y... Read all"
206,207,Ford v,2019,8.1,"['Action', 'Biography', 'Drama']",American car designer Carroll Shelby and driver Ken Miles battle corporate interference and the laws of physics to build a revolutionary race car for Ford in order to defeat Ferrari at the 2... Read all
207,208,Det Sjunde Inseglet,1957,8.1,"['Drama', 'Fantasy']",Drama
208,209,Ratatouille,2007,8.1,"['Animation', 'Adventure', 'Comedy']",A rat who can cook makes an unusual alliance with a young kitchen worker at a famous Paris restaurant.
209,210,Room,2015,8.1,"['Drama', 'Thriller']","A little boy is held captive in a room with his mother since his birth, so he has never known the world outside."
210,211,12th Fail,2023,9.2,"['Biography', 'Drama']",The real-life story of IPS Officer Manoj Kumar Sharma and IRS Officer Shraddha Joshi.
211,212,The Big Lebowski,1998,8.1,"['Comedy', 'Crime']","Jeff ""The Dude"" Lebowski, mistaken for a millionaire of the same name, seeks restitution for his ruined rug and enlists his bowling buddies to help get it."
212,213,Tokyo Story,1953,8.1,['Drama'],"An old couple visit their children and grandchildren in the city, but receive little attention."
213,214,Rocky,1976,8.1,"['Drama', 'Sport']",A small-time Philadelphia boxer gets a supremely rare chance to fight the world heavyweight champion in a bout in which he strives to go the distance for his self-respect.
214,215,Hotel Rwanda,2004,8.1,"['Biography', 'Drama', 'History']","Paul Rusesabagina, a hotel manager, houses over a thousand Tutsi refugees during their struggle against the Hutu militia in Rwanda, Africa."
215,216,Logan,2017,8.1,"['Action', 'Drama', 'Sci-Fi']","In a future where mutants are nearly extinct, an elderly and weary Logan leads a quiet life. But when Laura, a mutant child pursued by scientists, comes to him for help, he must get her to s... Read all"
216,217,Spotlight,2015,8.1,"['Biography', 'Crime', 'Drama']","The true story of how the Boston Globe uncovered the massive scandal of child molestation and cover-up within the local Catholic Archdiocese, shaking the entire Catholic Church to its core."
217,218,Platoon,1986,8.1,"['Drama', 'War']","Chris Taylor, a neophyte recruit in Vietnam, finds himself caught in a battle of wills between two sergeants, one good and the other evil. A shrewd examination of the brutality of war and th... Read all"
218,219,La passion de Jeanne d'Arc,1928,8.1,"['Biography', 'Drama', 'History']","In 1431, Jeanne d'Arc is placed on trial on charges of heresy. The ecclesiastical jurists attempt to force Jeanne to recant her claims of holy visions."
219,220,The Terminator,1984,8.1,"['Action', 'Sci-Fi']","A human soldier is sent from 2029 to 1984 to stop an almost indestructible cyborg killing machine, sent from the same year, which has been programmed to execute a young woman whose unborn so... Read all"
220,221,Before Sunset,2004,8.1,"['Drama', 'Romance']","Nine years after Jesse and Celine first met, they encounter each other again on the French leg of Jesse's book tour."
221,222,Jai Bhim,2021,8.7,"['Crime', 'Drama', 'Mystery']","When a tribal man is arrested for a case of alleged theft, his wife turns to a human-rights lawyer to help bring justice."
222,223,Rush,2013,8.1,"['Action', 'Biography', 'Drama']",The merciless 1970s rivalry between Formula One rivals James Hunt and Niki Lauda.
223,224,The Best Years of Our Lives,1946,8.1,"['Drama', 'Romance', 'War']","Three World War II veterans, two of them traumatized or disabled, return home to the American midwest to discover that they and their families have been irreparably changed."
224,225,Network,1976,8.1,['Drama'],"A television network cynically exploits a deranged former anchor's ravings and revelations about the news media for its own profit, but finds that his message may be difficult to control."
225,226,The Exorcist,1973,8.1,['Horror'],"When a young girl is possessed by a mysterious entity, her mother seeks the help of two Catholic priests to save her life."
226,227,La haine,1995,8.1,"['Crime', 'Drama']",24 hours in the lives of three young men in the French suburbs the day after a violent riot.
227,228,Stand by Me,1986,8.1,"['Adventure', 'Comedy', 'Drama']",A writer recounts a childhood journey with his friends to find the body of a missing boy.
228,229,Pirates of the Caribbean: The Curse of the Black Pearl,2003,8.1,"['Action', 'Adventure', 'Fantasy']","Blacksmith Will Turner teams up with eccentric pirate ""Captain"" Jack Sparrow to save his love, the governor's daughter, from Jack's former pirate allies, who are now undead."
229,230,The Wizard of Oz,1939,8.1,"['Adventure', 'Family', 'Fantasy']","Young Dorothy Gale and her dog Toto are swept away by a tornado from their Kansas farm to the magical Land of Oz, and embark on a quest with three new friends to see the Wizard, who can retu... Read all"
230,231,The Incredibles,2004,8.0,"['Animation', 'Action', 'Adventure']","While trying to lead a quiet suburban life, a family of undercover superheroes are forced into action to save the world."
231,232,Into the Wild,2007,8.1,"['Adventure', 'Biography', 'Drama']","After graduating from Emory University, top student and athlete Christopher McCandless abandons his possessions, gives his entire $24,000 savings account to charity and hitchhikes to Alaska ... Read all"
232,233,To Be or Not to Be,1942,8.2,"['Comedy', 'Romance', 'War']",Comedy
233,234,Hachi: A Dog's Tale,2009,8.1,"['Biography', 'Drama', 'Family']",A college professor bonds with an abandoned dog he takes into his home.
234,235,Ah-ga-ssi,2016,8.1,"['Drama', 'Romance', 'Thriller']","A woman is hired as a handmaiden to a Japanese heiress, but secretly she is involved in a plot to defraud her."
235,236,My Father and My Son,2005,8.2,"['Drama', 'Family']",Drama
236,237,La battaglia di Algeri,1966,8.1,"['Drama', 'War']","In the 1950s, fear and violence escalate as the people of Algiers fight for independence from the French government."
237,238,The Grapes of Wrath,1940,8.1,['Drama'],"An Oklahoma family, driven off their farm by the poverty and hopelessness of the Dust Bowl, joins the westward migration to California, suffering the misfortunes of the homeless in the Great... Read all"
238,239,Groundhog Day,1993,8.0,"['Comedy', 'Drama', 'Fantasy']","A narcissistic, self-centered weatherman finds himself in a time loop on Groundhog Day."
239,240,The Sound of Music,1965,8.1,"['Biography', 'Drama', 'Family']",A young novice is sent by her convent in 1930s Austria to become a governess to the seven children of a widowed naval officer.
240,241,Amores perros,2000,8.1,"['Drama', 'Thriller']","A horrific car accident connects three stories, each involving characters dealing with loss, regret, and life's harsh realities, all in the name of love."
241,242,Rebecca,1940,8.1,"['Drama', 'Film-Noir', 'Mystery']",A self-conscious woman juggles adjusting to her new role as an aristocrat's wife and avoiding being intimidated by his first wife's spectral presence.
242,243,Cool Hand Luke,1967,8.1,"['Crime', 'Drama']","A laid-back Southern man is sentenced to two years in a rural prison, but refuses to conform."
243,244,The Iron Giant,1999,8.1,"['Animation', 'Action', 'Adventure']",A young boy befriends a giant robot from outer space that a paranoid government agent wants to destroy.
244,245,The Help,2011,8.1,['Drama'],"An aspiring author during the civil rights movement of the 1960s decides to write a book detailing the African American maids' point of view on the white families for which they work, and th... Read all"
245,246,It Happened One Night,1934,8.1,"['Comedy', 'Romance']","A renegade reporter trailing a young runaway heiress for a big story joins her on a bus heading from Florida to New York, and they end up stuck with each other when the bus leaves them behin... Read all"
246,247,Pather Panchali,1955,8.2,['Drama'],"Impoverished priest Harihar Ray, dreaming of a better life for himself and his family, leaves his rural Bengal village in search of work."
247,248,The 400 Blows,1959,8.1,"['Crime', 'Drama']","A young boy, left without attention, delves into a life of petty crime."
248,249,Aladdin,1992,8.0,"['Animation', 'Adventure', 'Comedy']",A kind-hearted street urchin and a power-hungry Grand Vizier vie for a magic lamp that has the power to make their deepest wishes come true.
249,250,Dances with Wolves,1990,8.0,"['Adventure', 'Drama', 'Western']","Lieutenant John Dunbar, assigned to a remote western Civil War outpost, finds himself engaging with a neighbouring Sioux settlement, causing him to question his own purpose."
